{"schemaVersion":"1.0","appDefinitionTemplate":{"id":"/providers/Microsoft.PowerApps/apps/","type":"Microsoft.PowerApps/apps","tags":{"primaryDeviceWidth":"1366","primaryDeviceHeight":"768","supportsPortrait":"true","supportsLandscape":"true","primaryFormFactor":"Tablet","showStatusBar":"false","publisherVersion":"3.24101.10","minimumRequiredApiVersion":"2.2.0","hasComponent":"true","hasUnlockedComponent":"true","isUnifiedRootApp":"false","sienaVersion":"20241023T130511Z-3.24101.10.0"},"properties":{"appVersion":"2024-10-23T13:05:11Z","lifeCycleId":"Published","createdByClientVersion":{"major":3,"minor":24101,"build":10,"revision":0,"majorRevision":0,"minorRevision":0},"minClientVersion":{"major":3,"minor":24101,"build":10,"revision":0,"majorRevision":0,"minorRevision":0},"backgroundColor":"RGBA(0,176,240,1)","backgroundImageUri":"/951471794121650974/N947dd399-65bf-4a9b-b677-6d00f1fcc8d8-logoSmallFile","displayName":"2BSURE","description":"","commitMessage":"","appUris":{"documentUri":{"value":"/951471794121650974/Nbca8e2ea-2783-4c66-bc98-8f882ab23446-document.msapp"},"imageUris":[],"additionalUris":[{"isSolutionAware":false,"value":"/951471794121650974/Nab478dc5-65d2-4241-83f7-035bf11ca9be-identity.json"}]},"createdTime":"0001-01-01T00:00:00Z","lastModifiedTime":"0001-01-01T00:00:00Z","sharedGroupsCount":0,"sharedUsersCount":0,"connectionReferences":{"029be189-dcf2-49f6-ac69-befca43a679c":{"id":"e9dd64e0-8530-46c3-ba9c-c975ccf4dc48","displayName":"Excel Online (Business)","iconUri":"https://connectoricons-prod.azureedge.net/releases/v1.0.1702/1.0.1702.3814/excelonlinebusiness/icon.png","dataSources":["tblRecommendations","tblReports","tblThemes"],"dependencies":[],"dependents":[],"parameterHints":{},"parameterHintsV2":{},"isOnPremiseConnection":false,"bypassConsent":false,"dataSets":{"me,b%2521qKH5k-frnk2ZNuP3GtAfRYZ2819QPfFMrby92Ze4woZEjsmuknJ1TKCdPSa_0Rel,016PHRDSHBZXIHECFSHVDZMYVSGBIJUXVE":{"dataSources":{"tblRecommendations":{"tableName":"{D47D734F-01C4-4C9C-A8C3-D2DC2F4B2DD1}"}}},"me,b%2521qKH5k-frnk2ZNuP3GtAfRYZ2819QPfFMrby92Ze4woZEjsmuknJ1TKCdPSa_0Rel,016PHRDSAKWDIH5AFYSBGJJ4ND4M7K2USL":{"dataSources":{"tblReports":{"tableName":"{7B53DC88-009C-4517-8D2B-7BC465D11E47}"}}},"me,b%2521qKH5k-frnk2ZNuP3GtAfRYZ2819QPfFMrby92Ze4woZEjsmuknJ1TKCdPSa_0Rel,016PHRDSB67EKPIJ5XZZD2YNK6OW4YO4Y5":{"dataSources":{"tblThemes":{"tableName":"{86FBC399-B57F-4D87-822C-684CFE6AF326}"}}}},"apiTier":"Standard","isCustomApiConnection":false,"actions":["providers/PowerPlatform.Governance/Operations/Read"]}},"databaseReferences":{},"almMode":"Environment","performanceOptimizationEnabled":false,"canConsumeAppPass":false,"enableModernRuntimeMode":false,"executionRestrictions":{"isTeamsOnly":false,"dataLossPreventionEvaluationResult":{"status":"Compliant","lastEvaluationDate":"2024-10-22T15:48:58.0808196Z","violations":[],"violationsByPolicy":[],"violationErrorMessage":"The app uses the following connectors: ."}}},"appType":"ClassicCanvasApp","appComponents":[]}}